titulo, link, fecha
Factores de riesgo - Médica Sur,http://www.medicasur.com.mx/es/ms/ms_sal_em_coi_cama_02_factores_de_riesgo_cancer_de_mama,1 oct. 2016 —
Cáncer de mama - Médica Sur,http://medicasur.com.mx/en_mx/ms/ms_sal_em_coi_cama_01_cancer_de_mama,27 sep. 2016 —
Autoexploración para combatir el cáncer de mama ...,https://www.gob.mx/salud/prensa/autoexploracion-para-combatir-el-cancer-de-mama,2 may. 2016 —
Día Mundial de Lucha Contra el Cáncer de Mama | LICONSA ...,https://www.gob.mx/liconsa/articulos/dia-mundial-de-lucha-contra-el-cancer-de-mama,19 oct. 2016 —
Octubre| mes de lucha contra el cáncer de mama | Centro ...,https://www.gob.mx/cenagas/documentos/genero-y-acceso-a-la-salud-cancer-de-mama-70119,29 sep. 2016 —
Cáncer de mama - Médica Sur,https://medicasur.com.mx/es_mx/ms/ms_sal_em_coi_cama_01_cancer_de_mama,27 sep. 2016 —
Cáncer de mama - Médica Sur,https://www.medicasur.com.mx/es_mx/ms/ms_sal_em_coi_cama_01_cancer_de_mama,27 sep. 2016 —
Factores de riesgo - Médica Sur,https://www.medicasur.com.mx/es_mx/ms/ms_sal_em_coi_cama_02_factores_de_riesgo_cancer_de_mama,1 oct. 2016 —
Detección - Médica Sur,https://www.medicasur.com.mx/es_mx/ms/ms_sal_em_coi_cama_04_deteccion_cancer_de_mama,1 oct. 2016 —
11 mitos alrededor del cáncer de mama - ClikiSalud.net ...,https://www.clikisalud.net/11-mitos-alrededor-del-cancer-mama/,21 oct. 2016 —
Tratamientos - Médica Sur,https://www.medicasur.com.mx/es_mx/ms/ms_sal_em_coi_cama_07_tratamiento_del_cancer_de_mama,1 oct. 2016 —
Me diagnosticaron Cáncer de mama| ¿qué sigue para mí ...,https://www.amgg.com.mx/sobre-el-envejecimiento/salud/me-diagnosticaron-cancer-mama-sigue/,4 oct. 2016 —
Cáncer de mama| una carrera contra el tiempo - Asociación ...,https://www.amgg.com.mx/sobre-el-envejecimiento/salud/cancer-mama-una-carrera-tiempo/,4 oct. 2016 —
10 alimentos que disminuyen el riesgo de cáncer de mama,https://www.clikisalud.net/10-alimentos-riesgo-cancer-mama/,20 oct. 2016 —
Estadísticas y Epidemiología Cáncer de Mama|México DF ...,http://www.senocuidado.com.mx/cancer_de_mama/estadisticas_epidemiologia_cancer_mama_mexico.html,11 ene. 2016 —
Información Estadística Cáncer de Mama | Centro Nacional de ...,https://www.gob.mx/salud/cnegsr/acciones-y-programas/informacion-estadistica-cancer-de-mama,2 dic. 2016 —
Cáncer de mama y Mujeres con Discapacidad | Consejo ...,https://www.gob.mx/conadis/articulos/cancer-de-mama-y-mujeres-con-discapacidad,4 oct. 2016 —
La mujer con cáncer de mama: una experiencia desde la ...,http://www.scielo.org.mx/scielo.php?script=sci_arttext&pid=S1665-70632016000400253,por L Hernández · 2016 · Mencionado por 17 —
Seminario Internacional - Tómatelo a Pecho,http://tomateloapecho.org.mx/Pdfs/Seminario%20081013/Resumen%20Sesiones%20081013.pdf,11 jul. 2016 —
Cáncer de mama - Médica Sur,http://www.medicasur.com/es_mx/ms/ms_sal_em_coi_cama_01_cancer_de_mama,27 sep. 2016 —
¡Esta semana en el programa de radio Zona Libre ...,https://www.gob.mx/conapo/articulos/esta-semana-en-el-programa-de-radio-zona-libre-hablaremos-sobre-cancer-de-mama-no-te-lo-pierdas,21 oct. 2016 —
Más de 34 mil casos de cáncer de mama financiados por el ...,https://www.gob.mx/salud/prensa/mas-de-34-mil-casos-de-cancer-de-mama-financiados-por-el-seguro-popular,19 oct. 2016 —
Fases - Médica Sur,http://medicasur.com.mx/en_mx/ms/ms_sal_em_coi_cama_06_estadios_del_cancer_de_mama,1 oct. 2016 —
para una superviviente de cáncer de mama. - INFOCáncer,https://www.infocancer.org.mx/images/infografias/pdf/190513-12-supervivir-cancer-mama.pdf,15 oct. 2016 —
Sobrepeso y obesidad| asociados al desarrollo del cáncer de ...,https://www.uv.mx/prensa/general/sobrepeso-y-obesidad-asociados-al-desarrollo-del-cancer-de-mama/,19 oct. 2016 —
Inmunohistoquímica| útil para diagnóstico de cáncer de mama ...,https://www.uv.mx/prensa/general/inmunohistoquimica-util-para-diagnostico-de-cancer-de-mama/,18 may. 2016 —
Octubre Mes de Sensibilización del Cáncer de Mama,http://www.greenhat.mx/octubre-mes-de-sensibilizacion-del-cancer-de-mama/,21 oct. 2016 —
México reporta 23 mil nuevos casos de cáncer de mama al año,https://www.clikisalud.net/mexico-23-mil-casos-cancer-mama/,19 oct. 2016 —
Programa educativo dirigido a pacientes con cáncer de mama ...,http://ri.uaemex.mx/handle/20.500.11799/58187,por EJ Gutierrez García —
Entrega Voluntariado del IMSS 200 prótesis para ...,http://www.imss.gob.mx/prensa/archivo/201605/071,6 may. 2016 —
El IMSS inaugura la primera clínica de mama en el país | Sitio ...,http://www.imss.gob.mx/prensa/archivo/201610/188,20 oct. 2016 —
Cáncer de Mama al Día de Gerardo Antonio Hernández ...,https://www.medicapanamericana.com/mx/libro/cancer-de-mama-al-dia,18 feb. 2016 —
Cáncer de mama metastásico| con poco abordaje en México,https://www.clikisalud.net/cancer-mama-metastasico-mexico/,28 ago. 2016 —
Amamantar disminuye la incidencia de cáncer de mama y ...,https://www.clikisalud.net/amamantar-disminuye-cancer-mama-ovarios/,10 oct. 2016 —
Infertilidad ¿asociada al cáncer de mama? - ClikiSalud.net ...,https://www.clikisalud.net/infertilidad-asociada-cancer-mama/,21 abr. 2016 —
Ámate| Cuídate y Explórate | Secretaría de Salud | Gobierno ...,https://www.gob.mx/salud/articulos/amate-cuidate-y-explorate-75039,19 oct. 2016 —
Ámate| Cuídate y Explórate | Secretaría de Salud | Gobierno ...,https://www.gob.mx/salud/articulos/amate-cuidate-y-explorate-75039?idiom=es,19 oct. 2016 —
Diagnóstico - Médica Sur,http://www.medicasur.com.mx/en_mx/ms/ms_sal_em_coi_cama_05_diagnostico_cancer_de_mama,1 oct. 2016 —
Redalyc.Cáncer de mama hereditario,http://www.redalyc.org/pdf/3757/375746275008.pdf,por Á Fernández · 2016 · Mencionado por 5 —
Cáncer de mama - Secretaria de Salud de Guanajuato,https://salud.guanajuato.gob.mx/Cancer-de-mama.php,17 feb. 2016 —
DIF Zapopan arranca campaña de autoexploración contra del ...,http://difzapopan.gob.mx/dif-zapopan-arranca-campana-autoexploracion-contra-del-cancer-mama/,29 sep. 2016 —
¿Genes de cáncer de mama? Cambia tu estilo de vida y ...,https://www.clikisalud.net/genes-de-cancer-de-mama-cambia-tu-estilo-de-vida-y-reduce-tu-riesgo/,27 may. 2016 —
Arranca IMSS Estrategia Integral de Sensibilización contra el ...,http://www.imss.gob.mx/prensa/archivo/201609/176,1 oct. 2016 —
México Conforma el Lazo Humano Rosa más Grande de la ...,http://www.imss.gob.mx/prensa/archivo/201610/177,5 oct. 2016 —
1| 9| 237| 5 846| 16 500… y contando: Cifras del Cáncer de ...,https://www.amgg.com.mx/sobre-el-envejecimiento/noticias-medicas/1-9-237-5-846-16-500-contando-%E2%80%A8cifras-del-cancer-mama-mexico/,4 oct. 2016 —
Amputación por Cáncer de mama| ¿feminidad perdida? ¡NO ...,https://www.amgg.com.mx/sobre-el-envejecimiento/amputacion-por-cancer-de-mama-feminidad-perdida-no/,15 jul. 2016 —
Llama presidenta del Sistema DIF en BCS a prevenir el ...,http://www.difbcs.gob.mx/2016/10/06/llama-presidenta-del-sistema-dif-en-bcs-a-prevenir-cancer-mama/,6 oct. 2016 —
Redalyc.BIOLOGÍA DEL CÁNCER DE MAMA,https://www.redalyc.org/pdf/3756/375645930010.pdf,por DE HERNÁNDEZ · 2016 · Mencionado por 8 —
Termografía: detección temprana del cáncer de mama ...,http://cienciauanl.uanl.mx/?p=5318,26 ene. 2016 —
Salud | UNEME DEDICAM,http://salud.michoacan.gob.mx/uneme/,27 oct. 2016 —
Cáncer de Mama en Jalisco - Instituto de Investigación en ...,http://iippg.cucea.udg.mx/sites/default/files/C%C3%A1ncer%20de%20Mama%20en%20Jalisco-%20Problemas%20y%20Soluciones%20.pdf,28 abr. 2016 —
EFEMERIDES CON MOTIVO DEL DIA MUNDIAL CONTRA EL ...,http://sil.gobernacion.gob.mx/Archivos/Documentos/2016/10/asun_3428868_20161018_1476888724.pdf,18 oct. 2016 —
Sabes qué es la Autoexploración de Mamas | Secretaría de ...,https://www.gob.mx/salud/articulos/sabes-que-es-la-autoexploracion-de-mamas,19 oct. 2016 —
UNEME - DEDICAM. Cáncer de Mama | Centro Nacional de ...,https://www.gob.mx/salud/cnegsr/es/acciones-y-programas/uneme-dedicam,3 ago. 2016 —
Por primera vez| ISSSTE proporcionará prótesis para ...,https://www.gob.mx/issste/prensa/por-primera-vez-issste-proporcionara-protesis-para-reconstruccion-mamaria-sin-costo,18 oct. 2016 —
Una muerte cada minuto es provocada por el cáncer de mama,https://www.clikisalud.net/cancer-mama-una-muerte-por-minuto/,5 ago. 2016 —
La importancia de los radiólogos entrenados para detectar el ...,https://www.clikisalud.net/la-importancia-los-radiologos-entrenados-detectar-cancer-mama/,30 ago. 2016 —
Linfedema| afección o secuela causada por cáncer de mama ...,https://www.clikisalud.net/linfedema-afeccion-o-secuela-causada-por-cancer-de-mama/,11 feb. 2016 —
Inician Jornadas de Detección Oportuna de Cáncer de Mama ...,https://www.udg.mx/es/noticia/inician-jornadas-de-deteccion-oportuna-de-cancer-de-mama-en-hcg,15 oct. 2016 —
Diagnóstico Precoz del Cáncer de Mama|México DF ...,http://www.senocuidado.com.mx/cuidados_del_seno/prevencion_deteccion_precoz_cancer_mama_mexico.html,11 ene. 2016 —
Por primera vez| ISSSTE proporcionará prótesis para ... - IMSS,http://www.imss.gob.mx/prensa/archivo/201610/ISSSTE,19 oct. 2016 —
Geografía del cáncer de mama en México The ... - SciELO,http://www.scielo.org.mx/pdf/igeo/n93/2448-7279-igeo-93-00010.pdf,por MR Castrezana Campos · 2017 · Mencionado por 13 —
Pilotos de ASPA| unidos contra el cáncer de mama | Aviación 21,http://a21.com.mx/aerolineas/2016/10/05/pilotos-de-aspa-unidos-contra-el-cancer-de-mama,5 oct. 2016 —
19 de octubre - Día mundial de la lucha contra el cáncer de ...,https://www.udg.mx/es/efemerides/2016/19-octubre,19 oct. 2016 —
Infografías Cáncer de Mama | Centro Nacional de Equidad de ...,https://www.gob.mx/salud/cnegsr/es/acciones-y-programas/infografias-cancer-de-mama,15 nov. 2016 —
Fases - Médica Sur,https://www.medicasur.com.mx/es_mx/ms/ms_sal_em_coi_cama_06_estadios_del_cancer_de_mama,1 oct. 2016 —
Tómatelo a Pecho,http://tomateloapecho.org.mx/,2 dic. 2016 —
Termografía| ¿cómo ayuda en la detección del cáncer de ...,https://www.clikisalud.net/termografia-deteccion-cancer-mama/,2 sep. 2016 —
Detección - Médica Sur,http://www.medicasur.org.mx/en/ms/ms_sal_em_coi_cama_04_deteccion_cancer_de_mama,1 oct. 2016 —
Cáncer de mama| la batalla que se gana con prevención,http://fundacioncarlosslim.org/cancer-de-mama-la-batalla-que-se-gana-con-prevencion/,19 oct. 2016 —
Hospitalización y mortalidad en México por cáncer de mama a ...,http://www.scielo.org.mx/scielo.php?script=sci_abstract&pid=S0036-36342016000200187&lng=es&nrm=iso,18 feb. 2016 —
Cáncer de Mama|México DF|Senocuidado,http://www.senocuidado.com.mx/cancer_de_mama_mexico.html,11 ene. 2016 —
Termografía para detección de cáncer de mama - Federación ...,http://fmdiabetes.org/termografia-para-deteccion-de-cancer-de-mama/,25 ene. 2016 —
LEY NÚMERO 260 PARA LA PREVENCIÓN Y ATENCIÓN ...,http://i.guerrero.gob.mx/uploads/2020/01/10.-Ley-No.-260-para-la-Prevenci%C3%B3n-y-Atenci%C3%B3n-del-C%C3%A1ncer-de-Mama-del-Estado-de-Guerrero.-P.O.-16-12-2016.pdf,16 dic. 2016 —
Redalyc.CÁNCER LOBULILLAR INVASIVO DE LA MAMA ...,http://www.redalyc.org/pdf/3756/375645930003.pdf,por J PEÑA · 2016 —
DIF Tamaulipas intensificará acciones para prevenir el cancer ...,http://www.diftamaulipas.gob.mx/2016/10/dif-tamaulipas-intensificara-acciones-para-prevenir-el-cancer-de-mama/,19 oct. 2016 —
Diagnóstico - Médica Sur,https://www.medicasur.com.mx/es_mx/ms/ms_sal_em_coi_cama_05_diagnostico_cancer_de_mama,1 oct. 2016 —
Diversas actividades se realizaron en el Mes de La ...,https://acatlandejuarez.gob.mx/diversas-actividades-se-realizaron-en-el-mes-de-la-prevencion-del-cancer-de-mama/,24 oct. 2016 —
Cáncer de Mama y Cáncer Cervicouterino - Seguros Salud ...,https://www.bbvasegurossalud.com.mx/wp-content/uploads/2016/12/Ca%CC%81ncer-de-Mama-y-Cervicouterino.pdf,1 ene. 2017 —
Se detectan 1.38 millones de casos de cáncer de mama al ...,https://www.forbes.com.mx/se-detectan-1-38-millones-casos-cancer-mama-al-ano/,26 ago. 2016 —
Fundaciones 100% mexicanas que luchan contra el cáncer ...,https://www.forbes.com.mx/forbes-life/fundaciones-cancer-100-mexicanas/,26 oct. 2016 —
Cáncer de mama y su origen por antecedentes familiares,https://www.clikisalud.net/cancer-mama-antecedentes-familiares/,8 nov. 2016 —
Obesidad| alcohol y tabaco| factores de riesgo para cáncer de ...,https://www.clikisalud.net/obesida-alcohol-cancer-mama/,23 oct. 2016 —
Redalyc.Conocimiento sobre cáncer de mamas y práctica del ...,https://www.redalyc.org/pdf/3756/375643222006.pdf,por YS URDANETA · 2016 · Mencionado por 35 —
Causas| incidencia y factores de riesgo en el Cáncer de ...,https://espaciosaludable.com/factores-de-riesgo-del-cancer-de-mama/,28 sep. 2016 —
Redalyc.Conocimiento sobre cáncer de mamas y práctica del ...,http://www.redalyc.org/pdf/3756/375643222006.pdf,por YS URDANETA · 2016 · Mencionado por 35 —
Principales mecanismos inmunorreguladores que favorecen ...,https://www.anmm.org.mx/GMM/2017/n2/GMM_153_2017_2_229-237.pdf,por GS García-Romo · 2017 —
Seguros para cáncer de mama| acotados | El Economista,https://www.eleconomista.com.mx/finanzaspersonales/Seguros-para-cancer-de-mama-acotados-20161017-0068.html,17 oct. 2016 —
Los 20 especialistas en cáncer de mama en Ciudad de ...,https://www.topdoctors.mx/ciudad-de-mexico/oncologia-medica-especialidad/cancer-de-mama/,12 sep. 2016 —
INCIDENCIA DE RECURRENCIA LOCAL SU RELACIÓN ...,https://www.redalyc.org/jatsRepo/3756/375645930002/html/index.html,11 jun. 2016 —
Redalyc.Causas de muerte por cáncer de mama en Colombia,https://www.redalyc.org/pdf/422/42246216002.pdf,por MA González-Mariño · 2016 · Mencionado por 1 —
Redalyc.Tratamiento de cáncer de seno y farmacogenética,https://www.redalyc.org/pdf/776/77645907014.pdf,por YVA Márquez · 2016 · Mencionado por 7 —
Resultados prometedores del Programa de Investigación en ...,https://www.dgcs.unam.mx/boletin/bdboletin/2016_684.html,6 oct. 2016 —
En México cada año se diagnostican 23 mil casos de cáncer ...,https://www.elfinanciero.com.mx/nacional/en-mexico-cada-ano-se-diagnostican-23-mil-casos-de-cancer-de-mama,19 oct. 2016 —
Proyectos específicos - Tómatelo a Pecho,http://tomateloapecho.org.mx/Proyectos_especificos.php,1 jul. 2016 —
Cáncer de mamá puede atribuirse a malos hábitos alimenticios,https://www.clikisalud.net/cancer-mama-malos-habitos-alimenticios/,29 dic. 2016 —
Biopsias líquidas| ¿el futuro en la detección de cáncer de ...,https://www.clikisalud.net/biopsias-liquidas-futuro-la-deteccion-cancer-mama/,8 oct. 2016 —
Uso de inteligencia artificial ayuda a mejorar diagnóstico de ...,https://salud.carlosslim.org/uso-de-inteligencia-artificial-ayuda-a-mejorar-diagnostico-de-cancer-de-mama/,21 jun. 2016 —
Que el cáncer de mama no merme tus finanzas - Expansión,https://expansion.mx/dinero/2016/10/18/que-el-cancer-de-mama-no-ataque-tus-finanzas-blindate,18 oct. 2016 —
Síntomas - Médica Sur,https://www.medicasur.com.mx/es_mx/ms/ms_sal_em_coi_cama_03_sintomas_cancer_de_mama,1 oct. 2016 —
Detección - Médica Sur,https://www.medicasur.com.mx/en_mx/ms/ms_sal_em_coi_cama_04_deteccion_cancer_de_mama,1 oct. 2016 —
Dieta baja en grasa ¿aliada contra el cáncer de mama ...,https://www.clikisalud.net/dieta-baja-grasa-aliada-cancer-mama/,19 abr. 2016 —
Contra el cáncer de mama – La B grande de México - IMER,https://www.imer.mx/xeb/contra-el-cancer-de-mama/,19 oct. 2016 —
'Quedarse plana': las mujeres que deciden vivir sin senos ...,https://www.nytimes.com/es/2016/11/15/espanol/quedarse-plana-las-mujeres-que-deciden-vivir-sin-senos-despues-del-cancer-de-mama.html,15 nov. 2016 —
Vista de El cáncer de mama en México: evolución| panorama ...,https://www.saludpublica.mx/index.php/spm/article/view/4903/9075,por ME Maza-Fernández · 2009 · Mencionado por 15 —
La mujer con cáncer de mama: una experiencia desde la ...,https://www.redalyc.org/pdf/3587/358748563009.pdf,por L Hernández · 2016 · Mencionado por 17 —
Diagnóstico y tratamiento del cáncer de mama – Clínica SARI ...,http://www.clinicasarimujer.com/diagnostico-y-tratamiento-del-cancer-de-mama/,26 jul. 2016 —
Inaugura IMSS primera clínica de detección y diagnóstico de ...,https://salud.carlosslim.org/inaugura-imss-primera-clinica-de-deteccion-y-diagnostico-de-cancer-de-mama-en-mexico/,21 oct. 2016 —
Tipos de cáncer de mama - Muguerza Espacio Saludable,https://espaciosaludable.com/cancer-tipos-de-cancer-de-mama/,28 sep. 2016 —
Redalyc.Cirugía conservadora en cáncer de mama con ...,https://www.redalyc.org/pdf/3756/375644665002.pdf,por JJN MARTÍNEZ · 2016 · Mencionado por 4 —
5 marchas por el cáncer de mama en el mundo que debes ...,https://www.forbes.com.mx/forbes-life/marchas-cancer-de-mama/,6 oct. 2016 —
Congreso estatal conmemora el Día ... - Congreso del estado,http://congresochiapas.gob.mx/legislaturalxvii/comunicacion-social/boletines/1127-congreso-estatal-conmemora-el-dia-internacional-contra-el-cancer-de-mama,19 oct. 2016 —
¿Cómo podemos prevenir el cáncer de mama? - Yakult,https://www.yakult.com.mx/2016/07/25/como-podemos-prevenir-el-cancer-de-mama/,25 jul. 2016 —
Nueva clínica de detección y diagnóstico del ...,https://www.gob.mx/salud/prensa/nueva-clinica-de-deteccion-y-diagnostico-del-cancer-de-mama,5 ago. 2016 —
Cáncer de mama y su impacto psicológico - Top Doctors,https://www.topdoctors.mx/articulos-medicos/cancer-de-mama-y-su-impacto-psicologico,21 oct. 2016 —
Cancer de mama - ENEO UNAM,http://www.eneo.unam.mx/publicaciones/boletinelectronico/boletin-CancerMama.pdf,19 dic. 2016 —
Mujeres en Movimiento Guanajuato se suma a la lucha contra ...,https://mujeresenmovimiento.mx/mujeres-en-movimiento-guanajuato-se-suma-la-lucha-contra-el-cancer-de-mama,24 sep. 2016 —
INTRODUCCIÓN - Secretaría de Salud de la Ciudad de México,https://www.salud.cdmx.gob.mx/storage/app/media/2018-2024/medicamentos/FICHAS%20TECNICAS/BOLETINES%20USO%20RACIONAL%20MEDICAMENTOS/2016/BOLETIN_1_2016.pdf,15 ene. 2016 —
Cáncer de mama y mujeres jóvenes en América Latina y el ...,http://www.tomateloapecho.org.mx/Pdfs/Numeralias/2016/Cancer%20de%20mama%20y%20mujeres%20jovenes%20en%20America%20Latina%20y%20el%20Caribe.pdf,15 oct. 2016 —
Ley para la Prevención y Atención del Cáncer de Mama del ...,https://www.legisver.gob.mx/leyes/LeyesPDF/CANMAMA190116.pdf,2 feb. 2016 —
Cáncer de mama y ¿Políticas de prevención? - RI UAEMex,http://ri.uaemex.mx/handle/20.500.11799/30537,por LA Nieto Manzano —
Unidos en la lucha contra el cáncer de mama – Sitio del ...,https://municipiodequeretaro.gob.mx/unidos-en-la-lucha-contra-el-cancer-de-mama/,5 dic. 2016 —
Redalyc.CÁNCER DE MAMA BILATERAL: EXPERIENCIA EN ...,https://www.redalyc.org/pdf/3756/375646887005.pdf,por J PEÑA · 2016 · Mencionado por 1 —
19 de octubre - Día mundial de la lucha contra el cáncer de ...,https://www.udg.mx/en/node/44429,19 oct. 2016 —
A través del aliento se podría detectar cáncer de mama o ...,https://www.dgcs.unam.mx/boletin/bdboletin/2016_191.html,24 mar. 2016 —
¿Cómo se diagnostica el cáncer de mama? – Salud Digna,https://salud-digna.org/diagnostico-cancer-de-mama/,28 sep. 2016 —
Congreso estatal conmemora el Día ... - Congreso del estado,http://congresochiapas.gob.mx/legislaturalxvii/comunicacion-social/boletines/22-comunicacion-social/boletines/1127-congreso-estatal-conmemora-el-dia-internacional-contra-el-cancer-de-mama,19 oct. 2016 —
Día Mundial de la Lucha contra el Cáncer,https://www.gob.mx/cms/uploads/attachment/file/248063/Dia_mundial_de_la_lucha_contra_el_cancer.pdf,13 sep. 2016 —
Item 1007/409 | Repositorio CICESE,https://cicese.repositorioinstitucional.mx/jspui/handle/1007/409,13 dic. 2016 —
Día Mundial de la Lucha contra el Cáncer de Mama,http://www.upvictoria.edu.mx/2016/11/ofreceran-en-la-upv-importante-conferencia-en-el-dia-mundial-de-la-lucha-contra-el-cancer-de-mama/,3 nov. 2016 —
IMPLEMENTA EMPRENDEDOR DE SPARK UP PRUEBAS ...,https://www.up.edu.mx/es/noticias/30116/implementa-emprendedor-de-spark-pruebas-para-la-deteccion-de-cancer-de-mama-mediante,19 oct. 2016 —
Cáncer de mama - Instituto Nacional de Perinatología ...,http://www.inper.mx/descargas/pdf/CancerMama-02092016.pdf,9 feb. 2016 —
Los jugadores de la NFL se unen a la lucha contra el cáncer ...,https://www.forbes.com.mx/forbes-life/nfl-lucha-contra-el-cancer-de-mama/,19 oct. 2016 —
La mujer con cáncer de mama: una experiencia desde la ...,http://www.scielo.org.mx/scielo.php?script=sci_abstract&pid=S1665-70632016000400253&lng=es&nrm=iso,por L Hernández · 2016 · Mencionado por 17 —
3 cambios en tu estilo de vida para prevenir el cáncer de mama,https://www.clikisalud.net/3-cambios-en-tu-estilo-de-vida-para-prevenir-el-cancer-de-mama/,4 oct. 2016 —
Prevención| clave para evitar el cáncer de mama: SSM - Salud,http://salud.michoacan.gob.mx/noticias/prevencion-clave-para-evitar-el-cancer-de-mama-ssm/,20 oct. 2016 —
Salud en mujeres de origen indígena de Morelos| el cáncer ...,http://libros.uaem.mx/producto/salud-en-mujeres-de-origen-indigena-de-morelos-el-cancer-de-mama/,5 ago. 2016 —
Cáncer de Mama: datos| síntomas y prevención - Blog UNITEC,https://blogs.unitec.mx/salud-2/el-cancer-de-mama-algunos-datos-para-tomarlo-con-seriedad/,26 oct. 2016 —
Femsalud/prevención cancer de mama,https://www.femsalud.com.mx/cancer-de-mama,17 jun. 2016 —
¿A quién afecta más el cáncer de mama? - economiahoy.mx,https://www.economiahoy.mx/ciencia-eAm-mx/noticias/7291572/01/16/A-quien-afecta-mas-el-cancer-de-mama.html,20 ene. 2016 —
Octubre| mes de la sensibilización del cáncer de ... - Salud,http://salud.michoacan.gob.mx/noticias/octubre-mes-de-la-sensibilizacion-del-cancer-de-mama-ssm/,3 oct. 2016 —
Clínica de Cáncer de Mama - Wellness & Well-Being Institute ...,https://wwi.mx/clinica-cancer-mama/,3 nov. 2016 —
COMISION DE SALUD - Congreso del Estado de Chihuahua,http://www.congresochihuahua2.gob.mx/biblioteca/dictamenes/archivosDictamenes/6343.pdf,24 may. 2016 —
Mastectomía que conserva el pezón| segura para mujeres en ...,https://salud.carlosslim.org/mastectomia-que-conserva-el-pezon-segura-para-mujeres-en-alto-riesgo-de-cancer-de-mama/,2 may. 2016 —
Día Internacional de la Lucha contra el Cáncer de Mama 2016,https://salud.carlosslim.org/dia-internacional-de-la-lucha-contra-el-cancer-de-mama-2016/,19 oct. 2016 —
Grupo ADO apoyará con mastografías como parte de su ...,https://www.portalautomotriz.com/noticias/transporte/grupo-ado-apoyara-con-mastografias-como-parte-de-su-campana-contra-el-cancer-de,1 nov. 2016 —
Hasta 30% de las mujeres con cáncer de mama tiene ...,https://www.clikisalud.net/mujeres-cancer-de-mama-antecedentes/,9 oct. 2016 —
Comunicación y discurso de prevención del cáncer de mama ...,http://ri.uaemex.mx/handle/20.500.11799/32703,por K González Rodríguez —
Detección temprana del cáncer - Médica Sur,http://medicasur.com.mx/vive-rosa/,6 oct. 2016 —
Lactancia no exenta a mujeres mexicanas de padecer cáncer ...,http://www.cucs.udg.mx/noticias/archivos-de-noticias/lactancia-no-exenta-mujeres-mexicanas-de-padecer-cancer-de-mama?page=4,31 oct. 2016 —
Redalyc.PERCEPCIÓN ACERCA DEL CÁNCER DE MAMA ...,https://www.redalyc.org/service/r2020/downloadPdf/2370/237048702005/6,por NJ Molano-Tobar · 2017 · Mencionado por 7 —
Octubre| mes contra el cáncer de mama | Centro Universitario ...,http://www.lagos.udg.mx/octubre-mes-contra-el-cancer-de-mama,7 oct. 2016 —
PREVENCIÓN Y DIAGNÓSTICO OPORTUNO EN ... - SMEO,https://www.smeo.org.mx/descargables/COPREDOC_GUIA.pdf,11 may. 2016 —
Escala BI- RADS| ¿cómo se interpreta tu estudio de mama ...,https://espaciosaludable.com/como-interpretar-mamografia/,24 oct. 2016 —
Cáncer de mama usa proteína para reclutar células normales ...,https://salud.carlosslim.org/cancer-de-mama-usa-proteina-para-reclutar-celulas-normales-que-ayudan-a-su-crecimiento-y-propagacion/,20 ene. 2016 —
Clínica de Mama | Senocuidado DF Mexico | Servicio Médico ...,http://www.senocuidado.com.mx/servicios_mastologia_ultrasonido_mama_mexico.html,11 abr. 2016 —
Unen esfuerzos Gobernadora Pavlovich y Fundación ...,https://sedesson.gob.mx/unen-esfuerzos-gobernadora-pavlovich-y-fundacion-beltrones-en-prevencion-de-cancer-de-mama,9 oct. 2016 —
Cáncer de mama - Instituto Nacional de Perinatología ...,http://www.inper.mx/descargas/pdf/CancerMama4-07-2016.pdf,7 abr. 2016 —
MAMAcheck: Mastografías En Toluca| Radiólogo En Toluca ...,http://mamacheck.mx/,25 mar. 2016 —
Inició campaña pro lucha de cáncer de mama en Jalisco ...,http://www.cucs.udg.mx/noticias/archivo-de-noticias/inici-campa-pro-lucha-de-c-ncer-de-mama-en-jalisco?page=212,19 jul. 2016 —
Las firmas que más fondos recaudan para la lucha contra el ...,https://www.forbes.com.mx/forbes-life/firmas-mas-fondos-cancer-mama/,18 oct. 2016 —
Especialistas en cáncer de mama en Monterrey mejor ...,https://www.topdoctors.mx/monterrey/ginecologia-y-obstetricia/cancer-de-mama/,15 nov. 2016 —
Lanzan sitio electrónico para ayudar a mujeres con cáncer de ...,https://www.ugto.mx/noticias/noticias/educativas-nacionales/10758-lanzan-sitio-electronico-para-ayudar-a-mujeres-con-cancer-de-mama,30 nov. 2016 —
Unidos en la lucha contra el cáncer de mama | Municipio de ...,https://municipiodequeretaro.gob.mx/2021/unidos-en-la-lucha-contra-el-cancer-de-mama/,5 dic. 2016 —
Organiza Facultad de Derecho conferencia sobre prevención ...,http://gaceta.uabc.mx/notas/academia/organiza-facultad-de-derecho-conferencia-sobre-prevencion-del-cancer-de-mama,19 oct. 2016 —
Redalyc.CÁNCER LOBULILLAR INVASIVO DE LA MAMA ...,https://www.redalyc.org/pdf/3756/375645930003.pdf,por J PEÑA · 2016 —
Redalyc.Cáncer en mama supernumeraria. Presentación de ...,https://www.redalyc.org/pdf/4773/477355400008.pdf,por AGR Sosa · 2017 · Mencionado por 1 —
El tamizaje reduce en 40% la tasa de mortalidad por ... - Salud,http://salud.michoacan.gob.mx/noticias/el-tamizaje-reduce-en-40-la-tasa-de-mortalidad-por-cancer-de-mama/,15 abr. 2016 —
Día Internacional contra el cáncer de mama – Comeme,https://comeme.com.mx/collections/dia-mundial-contra-el-cancer,18 abr. 2016 —
Adipocitos podrían jugar papel clave en combatir el cáncer de ...,https://salud.carlosslim.org/adipocitos-podrian-jugar-papel-clave-en-combatir-el-cancer-de-mama/,19 jul. 2016 —
Avanza la UNAM en la investigación de cáncer de mama,https://www.dgcs.unam.mx/boletin/bdboletin/2016_720.html,19 oct. 2016 —
Más casos de cáncer de mama y a más temprana edad ...,https://www.udg.mx/es/noticia/mas-casos-de-cancer-de-mama-y-mas-temprana-edad,27 sep. 2016 —
Nuevo León| segundo lugar en muertes por cáncer de mama,https://www.milenio.com/estados/nuevo-leon-segundo-lugar-en-muertes-por-cancer-de-mama,17 oct. 2016 —
Redalyc.PERCEPCIÓN ACERCA DEL CÁNCER DE MAMA ...,https://www.redalyc.org/pdf/2370/237048702005.pdf,por NJ Molano-Tobar · 2017 · Mencionado por 7 —
Redalyc.CARCINOMA METAPLÁSICO DE MAMAS REVISIÓN ...,https://www.redalyc.org/pdf/3756/375644665003.pdf,por VS MUÑOZ · 2016 · Mencionado por 2 —
Redalyc. Cirugía conservadora en cáncer de mama con ...,https://www.redalyc.org/pdf/3756/Resumenes/Resumen_375644665002_1.pdf,por JJN MARTÍNEZ · 2016 · Mencionado por 4 —
CÁNCER LOBULILLAR INVASIVO DE LA MAMA ... - Redalyc,https://www.redalyc.org/jatsRepo/3756/375645930003/html/index.html,25 jun. 2016 —
Lactancia no exenta a mujeres mexicanas de padecer cáncer ...,https://www.cucs.udg.mx/noticias/archivos-de-noticias/lactancia-no-exenta-mujeres-mexicanas-de-padecer-cancer-de-mama,31 oct. 2016 —
Especialistas en cáncer de mama en Puebla mejor valorados ...,https://www.topdoctors.mx/puebla-ciudad/ginecologia-y-obstetricia/cancer-de-mama/,2 dic. 2016 —
¿Por qué es octubre el mes de la lucha contra el cáncer de ...,https://www.excelsior.com.mx/nacional/2016/10/18/1120761,25 nov. 2016 —
Premian a ganadores de cartel de la prevención de cáncer de ...,https://www.pungarabato.gob.mx/index.php/galeria-fotografica/13-dif-municipal/293-premian-a-ganadores-de-cartel-de-la-prevencion-de-cancer-de-mama,27 ene. 2016 —
Campaña Interinstitucional de Lucha contra el Cáncer de ...,https://www.udg.mx/es/evento/2016/campana-interinstitucional-de-lucha-contra-el-cancer-de-mama-201,13 oct. 2016 —
PAM50 Firma Genética para el Rponóstico de Cáncer de ...,http://www.senocuidado.com.mx/servicios/pam50_laboratorio_genetica_mama_mexico.html,11 ene. 2016 —
INICIATIVA QUE ADICIONA EL ARTÍCULO 132 DE LA LEY ...,http://sil.gobernacion.gob.mx/Archivos/Documentos/2016/12/asun_3471790_20161216_1481655175.pdf,13 dic. 2016 —
Decreto adicionan Ley Atención Integral Cancer Mama - CDMX,http://data.salud.cdmx.gob.mx/ssdf/portalut/archivo/Articulos/Art121F_I/OtrosDocNorm/Decreto%20adicionan%20Ley%20Atenci%C3%B3n%20Integral%20Cancer%20Mama.pdf,15 sep. 2016 —
Concientizan en la UG sobre prevención de cáncer de mama,https://www.ugto.mx/noticias/noticias/10470-concientizan-en-la-ug-sobre-prevencion-de-cancer-de-mama,19 oct. 2016 —
Preguntas frecuentes - Cáncer de mama CHRISTUS ...,https://cancer-de-mama.mx/preguntas-frecuentes.php,30 sep. 2016 —
Redalyc. Cirugía conservadora en cáncer de mama con ...,http://www.redalyc.org/pdf/3756/Resumenes/Resumen_375644665002_1.pdf,por JJN MARTÍNEZ · 2016 · Mencionado por 4 —
Creencias en salud asociadas a la realización de la ...,http://bdigital.dgse.uaa.mx:8080/xmlui/handle/11317/1103,por MR Ponce García · 2013 —
Alimentos para prevenir el cáncer de mama - El Universal,https://www.eluniversal.com.mx/articulo/menu/2016/10/20/alimentos-para-prevenir-el-cancer-de-mama,20 oct. 2016 —
Redalyc.¿LAS PRÁCTICAS DE AUTOEXPLORACIÓN ...,https://www.redalyc.org/pdf/3756/375644665011.pdf,por JS TORRES-ROMÁN · 2016 —
¡Alerta! Presencia de un cuerpo extraño en el seno ...,https://www.amgg.com.mx/sobre-el-envejecimiento/cultura-del-envejecimiento/alerta-presencia-cuerpo-extrano-seno/,25 oct. 2016 —
Anuncia el IMSS inversión de 360 millones de pesos en ...,http://www.imss.gob.mx/prensa/archivo/201609/168,22 sep. 2016 —
Implementación de medidas de prevención contra el cáncer ...,https://gpna.mx/implementacion-de-medidas-de-prevencion-contra-el-cancer-de-mama-en-zonas-marginadas/,20 oct. 2016 —
Dermatología Cosmética| Médica y Quirúrgica ...,https://dcmq.com.mx/edici%C3%B3n-enero-marzo-2016-volumen-14-n%C3%BAmero-1/440-queratodermia-palmoplantar-punctata-y-c%C3%A1ncer-de-mama-reporte-de-un-caso,15 mar. 2016 —
Mortalidad por cáncer de mama - Mujeres y hombres en Oaxaca,http://internet.contenidos.inegi.org.mx/contenidos/productos/prod_serv/contenidos/espanol/bvinegi/productos/historicos/76/702825498092/702825498092_13.pdf,14 dic. 2016 —
5 datos que debes conocer sobre el cáncer de mama,https://huevosanjuan.com.mx/blog/detalle/131/5-datos-que-debes-conocer-sobre-el-cancer-de-mama,19 dic. 2016 —
Alteraciones del Gusto en Pacientes con Cáncer de ... - UNSIS,http://www.unsis.edu.mx/SaludyAdministracion/08/A1-%20Alteraciones%20del%20gusto.pdf,por A Rascón-Cháveza —
Tras cáncer de mama| 50% de mujeres sufre linfedema - Milenio,https://www.milenio.com/estados/cancer-mama-50-mujeres-sufre-linfedema,9 abr. 2016 —
Fases - Médica Sur,http://hotelmedicasur.com.mx/es/ms/ms_sal_em_coi_cama_06_estadios_del_cancer_de_mama,1 oct. 2016 —
Métodos de Imagen para la Mama|México DF|Senocuidado,http://www.senocuidado.com.mx/cuidados_del_seno/prevencion_importancia_metodos_imagen_mama_mexico.html,11 ene. 2016 —
Especialista en Mama en DF México | Senocuidado | Manejo ...,http://www.senocuidado.com.mx/especialista_en_mamas_en_df_mexico.html,29 mar. 2016 —
El Sector Salud festeja el mes de la causa rosa | Secretaría de ...,https://www.gob.mx/salud/articulos/el-sector-salud-festeja-el-mes-de-la-causa-rosa,19 oct. 2016 —
CANCER DE MAMA,https://www.gob.mx/cms/uploads/attachment/file/47829/CANCER_DE_MAMA.pdf,14 ene. 2016 —
Redalyc.CARCINOMA BASOCELULAR DE PEZÓN ...,https://www.redalyc.org/pdf/3756/375644665006.pdf,por A ESTABA · 2016 —
Día internacional contra el cáncer de mama - Hotbook,https://hotbook.com.mx/dia-internacional-contra-el-cancer-de-mama/,18 oct. 2016 —
Amputación por Cáncer de mama| ¿feminidad perdida? ¡NO ...,https://www.amgg.com.mx/sobre-el-envejecimiento/cultura-del-envejecimiento/amputacion-cancer-mama-feminidad-perdida-no/,19 jul. 2016 —
Adolescentes que comen mucha fibra tienen menos riesgo de ...,https://www.clikisalud.net/adolescentes-que-comen-mucha-fibra-tienen-menos-riesgo-de-padecer-cancer-de-mama/,3 feb. 2016 —
Campaña de detección oportuna de Cáncer de Mama ...,http://www.cucs.udg.mx/evento/campana-de-deteccion-oportuna-de-cancer-de-mama?page=9,17 nov. 2016 —
Intensifica SSJ acciones por el Día Mundial de Lucha Contra ...,https://ssj.jalisco.gob.mx/prensa/noticia/6768,13 oct. 2016 —
Atención del Paciente con Cáncer | Instituto Mexicano del ...,https://www.gob.mx/imss/acciones-y-programas/atencion-del-paciente-con-cancer,11 nov. 2016 —
Fibroadenoma Mamario|México DF|Senocuidado,http://www.senocuidado.com.mx/enfermedades_benignas/nodulares/enfermedades_benignas_fibroadenoma_mama_mexico.html,11 ene. 2016 —
Campaña de detección oportuna de Cáncer de Mama ...,https://www.cucs.udg.mx/evento/campana-de-deteccion-oportuna-de-cancer-de-mama?page=7,17 nov. 2016 —
Realizan en el Metro campaña informativa contra el cáncer ...,https://www.boehringer-ingelheim.mx/nota-prensa/realizan-en-el-metro-campana-informativa-contra-el-cancer,19 nov. 2016 —
Unidos en la lucha contra el Cáncer de mama - Equipo de ...,http://www.tomateros.com.mx/unidos-contra-el-cancer-de-mama/,26 oct. 2016 —
Correlación histopatológica de las lesiones de mama no ...,http://ri-ng.uaq.mx/handle/123456789/374,por MAAB SANCHEZ · 2018 —
19 de octubre - Día mundial de la lucha contra el cáncer de ...,https://www.udg.mx/efemerides/2016/19-octubre,19 oct. 2016 —
Aspectos relevantes del cancer de mama | MILC,https://www.milc.org.mx/joven-y-fuerte/pacientes/aspectos-relevantes-del-cancer-de-mama/,28 oct. 2016 —
Tiene #ConalepNavojoa Marcha contra el Cáncer de Mama.,http://www.conalepsonora.edu.mx/noticia.aspx?ID=938,20 oct. 2016 —
La NFL vs el cáncer de mama - Estadio Deportes,https://www.estadiodeportes.mx/accion/nfl/la-nfl-vs-el-cancer-de-mama/,6 oct. 2016 —
El Periódico de los Universitarios - No. 173 - UniVerso,https://www.uv.mx/universo2/173/infgral/infgral14.htm,26 ene. 2016 —
El Periódico de los Universitarios - No. 461 - UniVerso,https://www.uv.mx/universo2/461/campus/campus_12.html,7 may. 2016 —
Tratamiento del cancer de mama | MILC,https://www.milc.org.mx/joven-y-fuerte/pacientes/tratamiento-del-cancer-de-mama/,28 oct. 2016 —
Campaña de detección oportuna de Cáncer de Mama ...,https://www.cucs.udg.mx/evento/campana-de-deteccion-oportuna-de-cancer-de-mama?page=21,17 nov. 2016 —
Campaña de detección oportuna de Cáncer de Mama ...,https://www.cucs.udg.mx/evento/campana-de-deteccion-oportuna-de-cancer-de-mama,17 nov. 2016 —
Vista de Alteraciones de la autoestima y la imagen corporal y ...,https://saludpublica.mx/index.php/spm/article/view/8018/10787,por S Pintado-Cucarella · 2016 · Mencionado por 5 —
Densidad mamaria| un aliado en la detección de cáncer de ...,http://www.pmfarma.com.mx/noticias/12930-densidad-mamaria-un-aliado-en-la-deteccion-de-cancer-de-mama.html,16 feb. 2016 —
Quintana Roo| segundo estado a nivel nacional| con menor ...,http://cgc.qroo.gob.mx/quintana-roo-segundo-estado-a-nivel-nacional-con-menor-tasa-de-mortalidad-en-casos-de-cancer-de-mama/,19 oct. 2016 —
Así es el video sobre el cáncer de mama que Facebook ...,https://www.animalpolitico.com/2016/10/video-cancer-mama-facebook/comment-page-1/?amp,22 oct. 2016 —
Diagnóstico del cancer de mama | MILC,https://www.milc.org.mx/joven-y-fuerte/pacientes/diagnostico-del-cancer-de-mama/,29 sep. 2016 —
Personalizan diagnóstico y tratamiento de cáncer de mama,https://egresados.itesm.mx/egresados/plsql/NoticiasPortalNuevo.NPO_Inicio?l_noticia=5019,23 may. 2016 —
7 síntomas de cáncer de mama | Muy Interesante,https://www.muyinteresante.com.mx/salud-y-bienestar/cancer-de-mama-signos-alarma/,7 oct. 2016 —
Queratodermia palmoplantar punctata y cáncer de mama ...,https://biblat.unam.mx/en/revista/dermatologia-cosmetica-medica-y-quirurgica/articulo/queratodermia-palmoplantar-punctata-y-cancer-de-mama-reporte-de-un-caso,por F Simental Lara · 2016 —
Cáncer de mama- Saltillo-CÁNCER DE LA MUJER ...,https://www.cancerdelamujer.com.mx/,21 dic. 2016 —
Redalyc. CÁNCER DE MAMA BILATERAL: EXPERIENCIA EN ...,https://www.redalyc.org/pdf/3756/Resumenes/Resumen_375646887005_1.pdf,por J PEÑA · 2016 · Mencionado por 1 —
Los factores de riesgo reproductivos reportados ...,https://www.redalyc.org/pdf/473/47350389004.pdf,por NE Herrera-Gonzáles · 2017 · Mencionado por 8 —
UNEME DEDICAM - ipomex,http://www.ipomex.org.mx/ipo/archivos/downloadAttach/678391.web;jsessionid=254F795D5FBEB73C7F238C1A19FAB39B,31 ago. 2016 —
Especialista en Mama en DF México | Senocuidado | Manejo ...,http://www.senocuidado.com.mx/especialistas_en_mama_en_df_mexico.html,29 mar. 2016 —
Relación entre síntomas autonómicos con niveles de ... - SciELO,http://www.scielo.org.mx/scielo.php?script=sci_abstract&pid=S1870-879X2016000100145&lng=es&nrm=iso,28 oct. 2016 —
Los factores de riesgo reproductivos reportados ...,http://www.redalyc.org/pdf/473/47350389004.pdf,por NE Herrera-Gonzáles · 2017 · Mencionado por 8 —
Herramientas digitales pueden mejorar calidad de vida tras ...,https://www.clikisalud.net/herramientas-digitales-pueden-mejorar-calidad-de-vida-tras-cancer-de-mama/,14 jun. 2016 —
Meditación podría reducir dolor y ansiedad por biopsia de ...,https://www.clikisalud.net/meditacion-podria-reducir-dolor-y-ansiedad-por-biopsia-de-cancer-de-mama/,4 feb. 2016 —
Tratamientos - Cáncer de mama CHRISTUS MUGUERZA®,https://cancer-de-mama.mx/tratamientos.php,28 sep. 2016 —
Salud de la Mujer - Hospital CHRISTUS MUGUERZA®,https://www.christusmuguerza.com.mx/salud-de-la-mujer/,5 mar. 2016 —
ASCO publica abstract con la investigación de ... - UIC,https://www.uic.mx/noticias/asco-publica-abstract-la-investigacion-pedagogiauic-cancer-mama/,25 may. 2016 —
Centro Nacional de Equidad de Género y Salud Reproductiva ...,http://cnegsr.salud.gob.mx/contenidos/Transparencia/4_Transparencia_focalizada.html,5 may. 2016 —
El IMSS inaugura la primera clínica de mama en el país ...,https://www.gob.mx/imss/articulos/el-imss-inaugurael-imss-inaugura-la-primera-clinica-de-mama-en-el-pais,19 oct. 2016 —
Nueva clínica de detección y diagnóstico del ...,https://www.gob.mx/salud/galerias/nueva-clinica-de-deteccion-y-diagnostico-del-cancer-de-mama-54236,5 ago. 2016 —
Quiste de Mama|México DF|Senocuidado,http://www.senocuidado.com.mx/enfermedades_benignas/nodulares/enfermedades_benignas_quiste_mama_mexico.html,11 ene. 2016 —
Redalyc. CÁNCER DE MAMA BILATERAL: EXPERIENCIA EN ...,http://www.redalyc.org/pdf/3756/Resumenes/Resumen_375646887005_1.pdf,por J PEÑA · 2016 · Mencionado por 1 —
Cada dos horas muere una mujer por cáncer de mama - Milenio,https://www.milenio.com/cultura/cada-dos-horas-muere-una-mujer-por-cancer-de-mama,18 oct. 2016 —
Hospital Regional de Alta Especialidad del Bajío :: Secretaría ...,http://www.hraeb.salud.gob.mx/contenidos/boletin/boletin_0616.html,4 feb. 2016 —
Trabajan Inmujeres CDMX y SEDESA para fortalecer el ...,https://semujeres.cdmx.gob.mx/comunicacion/nota/trabajan-inmujerescdmx-y-sedesa-para-fortalecer-el-programa-de-atencion-integral-del-cancer-de-mama,16 dic. 2016 —
Libros Blancos Cáncer de la Mujer | Centro Nacional de ...,https://www.gob.mx/salud/cnegsr/es/acciones-y-programas/libros-blancos-cancer-de-la-mujer,20 oct. 2016 —
Eco de Mama: ¿Qué necesitas saber? - Muguerza Espacio ...,https://espaciosaludable.com/eco-de-mama-necesitas-saber/,28 sep. 2016 —
Detección de Cáncer de Mama en Cuernavaca - Dra. Maribel ...,https://www.ginecologosdecuernavaca.com.mx/deteccion-de-cancer-de-mama-en-cuernavaca.htm,11 may. 2016 —
Factores de riesgo - Médica Sur,http://medicasur.com.mx/en_mx/ms/ms_sal_em_coi_cama_02_factores_de_riesgo_cancer_de_mama,1 oct. 2016 —
Así es el video sobre el cáncer de mama que Facebook ...,https://www.animalpolitico.com/2016/10/video-cancer-mama-facebook/,22 oct. 2016 —
Día de la lucha contra el cáncer de mama | ORO ...,https://www.ororadio.com.mx/2016/10/dia-de-la-lucha-contra-el-cancer-de-mama/,19 oct. 2016 —
CIMAB| venciendo el cáncer de mama con precisión ...,https://watchesworld.com.mx/noticias/cimab-venciendo-el-cancer-de-mama-con-precision/,14 may. 2016 —
La comediante “Olga Sana” confía en vencer cáncer de mama,https://www.20minutos.com.mx/noticia/69049/0/la-comediante-olga-sana-confia-en-vencer-cancer-de-mama/,4 mar. 2016 —
19 de Octubre 2016 Día Mundial de la lucha contra el Cáncer ...,http://www.medicina.uanl.mx/hu/2016/10/19/19-de-octubre-2016-dia-mundial-de-la-lucha-contra-el-cancer-de-mama/,19 oct. 2016 —
Philips quiere concientizar a América Latina sobre prevención ...,http://www.pmfarma.com.mx/noticias/13722-philips-quiere-concientizar-a-america-latina-sobre-prevencion-de-cancer-de-mama.html,24 oct. 2016 —
Llaman diputados a sociedad y ... - Noticias del Congreso,https://www.canaldelcongreso.gob.mx/noticias/9334/Llaman_diputados_a_sociedad_y_Estado_a_unir_esfuerzos_en_cntra_del_Cncer_de_Mama,19 oct. 2016 —
Mastografía - Grupo CT Scanner,https://grupoctscanner.com/mastografia/,11 ene. 2016 —
Chihuahua| el estado en el que mueren más mujeres por ...,https://referente.mx/@referente/chihuahua-el-estado-en-el-que-mueren-mas-mujeres-por-cancer-de-mama,19 oct. 2016 —
Biopsia de mama| un examen de diagnóstico oportuno del ...,https://espaciosaludable.com/%EF%BB%BFbiopsia-de-mama-diagnostico-oportuno/,28 sep. 2016 —
Clínica de Mama en DF | Senocuidado | Servicios Médicos ...,http://www.senocuidado.com.mx/clinica_de_mama_en_df_mexico.html,11 abr. 2016 —
Respuestas para el cáncer de mama ...,https://mayapolitikon.com/respuestas-para-el-cancer-de-mama/,14 ene. 2016 —
Sobreviví al cáncer de mama y ¿ahora? - El Universal,https://www.eluniversal.com.mx/articulo/ciencia-y-salud/salud/2016/10/28/sobrevivi-al-cancer-de-mama-y-ahora,28 oct. 2016 —
Asoinacor| anastrozol| cáncer de mama| tabletas| Asofarma ...,https://www.actuamed.com.mx/marca/33936,12 may. 2016 —
¿Sabías por qué octubre es el mes rosa? - Fidex | Soluciones ...,https://www.fidex.com.mx/noticia/sabias-por-que-octubre-es-el-mes-rosa/,13 oct. 2016 —
La Granada y el ácido elágico combaten el cáncer de mama ...,http://www.feelgoodinc.mx/la-granada-y-el-acido-elagico-combaten-el-cancer-de-mama/,25 may. 2016 —
Validación y aplicación clínica de MammaPrint ... - Top Doctors,https://topdoctors.mx/files/Articles_Doctor/728/CV_ESF_2017_AUTOR_ARTICULO_MAMMAPRINT.pdf,por ER Sánchez-Forgach · 2017 · Mencionado por 1 —
Crean brasier que detecta el cáncer de ... - Revista FactorRH,https://rhpositivo.mx/bienestar-24-horas/item/537-crean-brasier-que-detecta-el-cancer-de-mama,9 mar. 2016 —
Nueva clínica de detección y diagnóstico del ...,https://www.gob.mx/salud/en/galerias/nueva-clinica-de-deteccion-y-diagnostico-del-cancer-de-mama-54236,5 ago. 2016 —
Cáncer de Mama y el Rol de la Cirugía Plástica – Dr. Omar ...,https://dromarqplastico.com/archivos/3036,18 oct. 2016 —
Lanzan reto en Facebook contra el cáncer de mama - Pulso ...,https://elpulsolaboral.com.mx/seguridad-social-y-salud/4450/lanzan-reto-en-facebook-contra-el-cancer-de-mama,28 jun. 2016 —
Trabajan Inmujeres CDMX y SEDESA para fortalecer el ...,https://www.semujeres.cdmx.gob.mx/comunicacion/nota/trabajan-inmujerescdmx-y-sedesa-para-fortalecer-el-programa-de-atencion-integral-del-cancer-de-mama,16 dic. 2016 —
Conoce las Guías de Práctica Clínica para la Prevención ...,https://www.gob.mx/salud/articulos/conoce-las-guias-de-practica-clinica-para-la-prevencion-deteccion-diagnostico-y-tratamiento-del-cancer,8 feb. 2016 —
Fortalece el IMSS Atención de Trasplantes y Combate al ...,http://www.imss.gob.mx/prensa/archivo/201608/137,16 ago. 2016 —
Encapsulan plantas medicinales contra el cáncer ... - La Jornada,https://www.jornada.com.mx/2016/01/12/ciencias/a02n1cie,12 ene. 2016 —
Hello Kitty y Modo Rosa se unen contra el cáncer de mama ...,https://tycoon.mx/es/hello-kity-y-modo-rosa-se-unen-contra-el-cancer-de-mama-colombia/,2 nov. 2016 —
Universo - El periódico de los Universitarios,https://www.uv.mx/universo/regiones/estudiantes-promueven-deteccion-oportuna-del-cancer-de-mama/,31 oct. 2016 —
Conoce qué es el Cáncer de Mama - METRIX Laboratorios,https://www.metrixlab.mx/conoce-que-es-el-cancer-de-mama/,17 oct. 2016 —
Identificación de mutaciones de línea germinal en genes ...,http://eprints.uanl.mx/11792/,por E Pereira Zavala · 2014 —
Eficacia y seguridad de tratamiento paliativo con Lapatinib en ...,https://repositorio.lasalle.mx/handle/lasalle/1833,por B Carbajal Saldaña · 2015 —
Conoce a Senocuidado|México DF|Senocuidado,http://www.senocuidado.com.mx/senocuidado/senocuidado_mastologia_mexico.html,11 ene. 2016 —
Más casos de cáncer de mama y a más temprana edad ...,https://udg.mx/en/node/44183,27 sep. 2016 —
Estrategias de triage en la detección de cáncer cervical ...,http://www.scielo.org.mx/scielo.php?script=sci_abstract&pid=S0036-36342016000200197&lng=es&nrm=iso,por L Torres-Ibarra · 2016 —
Tumor Filoides o Phyllodes|México DF|Senocuidado,http://www.senocuidado.com.mx/enfermedades_benignas/nodulares/enfermedades_benignas_tumor_filoide_mama_mexico.html,11 ene. 2016 —
Ubicación y Contacto | Senocuidado | México DF,http://www.senocuidado.com.mx/ubicacion_senocuidado_mastologo_mexico.html,11 ene. 2016 —
Inauguran primera clínica del país para atender cáncer ...,https://www.gob.mx/salud/articulos/inauguran-primera-clinica-del-pais-para-atender-cancer-hereditario,4 jul. 2016 —
Tips: El síntoma de cáncer de mama que no conocías - Excélsior,https://www.excelsior.com.mx/de-la-red/2016/10/19/1106127,19 oct. 2016 —
Save Me| brasier politécnico que previene cáncer de mama ...,https://unamglobal.unam.mx/save-me-bra-politecnico-que-previene-cancer-de-mama/,14 oct. 2016 —
Foro de expertos en cáncer de mama 2da edición - Agenda ...,https://agenda.iteso.mx/event/foro-los-expertos-cancer-mama-2da-edicion-guadalajara/,28 oct. 2016 —
Médica Sur: Tratamientos,http://medicasur.org.mx/es/ms/ms_sal_em_coi_04_tratamientos_contra_el_cance,5 sep. 2016 —
Eficacia y toxicidad de tratamiento paliativo con Lapatinib en ...,http://revistasinvestigacion.lasalle.mx/index.php/mclidi/article/view/763,por B CARBAJAL —
Geografía del cáncer de mama en México The geography of ...,http://132.247.70.148/index.php/rig/article/download/56879/52703,por MRC Campos · 2017 · Mencionado por 13 —
